INSERT INTO mentor4you_db.users (avatar, email, first_name, last_name, password, registration_date, role, status) VALUES
('https://awss3mentor4you.s3.eu-west-3.amazonaws.com/avatars/adminAvatar.jpeg','Admin1@gmail.com', 'Admin', 'Admino', '$2a$10$iFfOLYfhGHPURIbw5kWwlepRKL5YCQ9ye7KItSGBrogUn3M9H5RLu', '2021-09-13 10:42:19.236442', 'ADMIN',true),
('https://awss3mentor4you.s3.eu-west-3.amazonaws.com/avatars/moderatorAvatar.jpg','Moderator1@gmail.com', 'Moder', 'Mod', '$2a$10$iFfOLYfhGHPURIbw5kWwlepRKL5YCQ9ye7KItSGBrogUn3M9H5RLu', '2021-09-13 10:42:19.236442', 'MODERATOR',true),
('https://awss3mentor4you.s3.eu-west-3.amazonaws.com/avatars/moderatorAvatar.jpg','Moderator2@gmail.com', 'Mod', 'Moder', '$2a$10$iFfOLYfhGHPURIbw5kWwlepRKL5YCQ9ye7KItSGBrogUn3M9H5RLu', '2021-09-13 10:42:19.236442', 'MODERATOR',true),
('https://awss3mentor4you.s3.eu-west-3.amazonaws.com/avatars/moderatorAvatar.jpg','Moderator3@gmail.com', 'Modest', 'Moderovich', '$2a$10$iFfOLYfhGHPURIbw5kWwlepRKL5YCQ9ye7KItSGBrogUn3M9H5RLu', '2021-09-13 10:42:19.236442', 'MODERATOR',true),

('https://awss3mentor4you.s3.eu-west-3.amazonaws.com/avatars/5_userAvatar.png','Mentor1@gmail.com', 'Andrii', 'Android', '$2a$10$iFfOLYfhGHPURIbw5kWwlepRKL5YCQ9ye7KItSGBrogUn3M9H5RLu', '2021-09-13 10:42:19.236442', 'MENTOR',true),
('https://awss3mentor4you.s3.eu-west-3.amazonaws.com/avatars/6_userAvatar.png','Mentor2@gmail.com', 'Mykola', 'Myhalkov', '$2a$10$iFfOLYfhGHPURIbw5kWwlepRKL5YCQ9ye7KItSGBrogUn3M9H5RLu', '2021-09-13 10:42:19.236442', 'MENTOR',true),
('https://awss3mentor4you.s3.eu-west-3.amazonaws.com/avatars/7_userAvatar.png','Mentor3@gmail.com', 'Vasyl', 'Vasyliv', '$2a$10$iFfOLYfhGHPURIbw5kWwlepRKL5YCQ9ye7KItSGBrogUn3M9H5RLu', '2021-09-13 10:42:19.236442', 'MENTOR',true),
('https://awss3mentor4you.s3.eu-west-3.amazonaws.com/avatars/8_userAvatar.png','Mentor4@gmail.com', 'Ivan', 'Ivanov', '$2a$10$iFfOLYfhGHPURIbw5kWwlepRKL5YCQ9ye7KItSGBrogUn3M9H5RLu', '2021-09-13 10:42:19.236442', 'MENTOR',true),
('https://awss3mentor4you.s3.eu-west-3.amazonaws.com/avatars/9_userAvatar.png','Mentor5@gmail.com', 'Leonard', 'Vasyliv', '$2a$10$iFfOLYfhGHPURIbw5kWwlepRKL5YCQ9ye7KItSGBrogUn3M9H5RLu', '2021-09-13 10:42:19.236442', 'MENTOR',true),

('https://awss3mentor4you.s3.eu-west-3.amazonaws.com/avatars/10_userAvatar.png','Mentee1@gmail.com', 'Orest', 'Knyazev', '$2a$10$iFfOLYfhGHPURIbw5kWwlepRKL5YCQ9ye7KItSGBrogUn3M9H5RLu', '2021-09-13 10:42:19.236442', 'MENTEE',true),
('https://awss3mentor4you.s3.eu-west-3.amazonaws.com/avatars/11_userAvatar.png','Mentee2@gmail.com', 'Dmytro', 'Vasiv', '$2a$10$iFfOLYfhGHPURIbw5kWwlepRKL5YCQ9ye7KItSGBrogUn3M9H5RLu', '2021-09-13 10:42:19.236442', 'MENTEE',true),
('https://awss3mentor4you.s3.eu-west-3.amazonaws.com/avatars/12_userAvatar.png','Mentee3@gmail.com', 'Bogdan', 'Ivanov', '$2a$10$iFfOLYfhGHPURIbw5kWwlepRKL5YCQ9ye7KItSGBrogUn3M9H5RLu', '2021-09-13 10:42:19.236442', 'MENTEE',true),
('https://awss3mentor4you.s3.eu-west-3.amazonaws.com/avatars/13_userAvatar.png','Mentee4@gmail.com', 'Peter', 'Kwit', '$2a$10$iFfOLYfhGHPURIbw5kWwlepRKL5YCQ9ye7KItSGBrogUn3M9H5RLu', '2021-09-13 10:42:19.236442', 'MENTEE',true),
('https://awss3mentor4you.s3.eu-west-3.amazonaws.com/avatars/14_userAvatar.png','Mentee5@gmail.com', 'Herasim', 'Nechai', '$2a$10$iFfOLYfhGHPURIbw5kWwlepRKL5YCQ9ye7KItSGBrogUn3M9H5RLu', '2021-09-13 10:42:19.236442', 'MENTEE',true);
COMMIT;

INSERT INTO mentor4you_db.accounts (id, last_visit) VALUES
(1,'2021-09-13 10:42:19.236442'),
(2,'2021-09-13 10:42:19.236442'),
(3,'2021-09-13 10:42:19.236442'),
(4,'2021-09-13 10:42:19.236442'),
(5,'2021-09-13 10:42:19.236442'),
(6,'2021-09-13 10:42:19.236442'),
(7,'2021-09-13 10:42:19.236442'),
(8,'2021-09-13 10:42:19.236442'),
(9,'2021-09-13 10:42:19.236442'),
(10,'2021-09-13 10:42:19.236442'),
(11,'2021-09-13 10:42:19.236442'),
(12,'2021-09-13 10:42:19.236442'),
(13,'2021-09-13 10:42:19.236442'),
(14,'2021-09-13 10:42:19.236442');
COMMIT;

INSERT INTO mentor4you_db.mentors (id, description, is_offline_in, is_offline_out,
                                   is_online, showable_status, group_serv,rating) VALUES
(5, 'Java', 1, 1, 1, 1, 'YES',5),
(6, 'Web', 1, 1, 1, 1, 'YES',4),
(7, 'ArtI', 1, 0, 1, 1, 'YES',3),
(8, 'Design', 0, 1, 1, 1, 'YES',4),
(9, 'Mobile', 0, 0, 1, 1, 'YES',5);
COMMIT;

INSERT INTO mentor4you_db.mentees VALUES
(10),
(11),
(12),
(13),
(14);
COMMIT;

INSERT INTO mentor4you_db.categories (name) VALUES
('Java'),
('Python'),
('HTML'),
('TypeScript'),
('JavaScript'),
('Kotlin'),
('CSS');
COMMIT;

INSERT INTO mentor4you_db.languages (id, name) VALUES
(1, 'Ukrainian'),
(2, 'English');
COMMIT;

INSERT INTO mentor4you_db.languages_to_accounts (account_id, languages_id) VALUES
(1,1),(1,2),
(2,1),(2,2),
(3,1),(3,2),
(4,1),(4,2),
(5,1),(5,2),
(6,1),(6,2),
(7,1),(7,2),
(8,1),(8,2),
(9,1),(9,2),
(10,1),(10,2),
(11,1),(11,2),
(12,1),(12,2),
(13,1),(13,2),
(14,1),(14,2);
COMMIT;

INSERT INTO mentor4you_db.type_contacts (id, name) VALUES
(1, 'PhoneNumFirst'),
(2, 'PhoneNumSecond'),
(3, 'LinkedIn'),
(4, 'Facebook'),
(5, 'Telegram'),
(6, 'Skype'),
(7, 'GitHub');
COMMIT;

INSERT INTO mentor4you_db.contacts_to_accounts (contact_data, accounts_id, type_contacts_id) VALUES
('+380998877666', 1, 1),  ('My-site URL', 1, 3), ('My GitHub URL',1, 7),
('+380998877667', 2, 1),
('+380998877668', 3, 1),
('+380998877669', 4, 1),

('+380998877670', 5, 1),('My-site URL', 5, 3), ('My GitHub URL',5, 7),
('+380998877671', 6, 1),('My-site URL', 6, 3), ('My GitHub URL',6, 7),
('+380998877672', 7, 1),('My-site URL', 7, 3), ('My GitHub URL',7, 7),
('+380998877673', 8, 1),('My-site URL', 8, 3), ('My GitHub URL',8, 7),
('+380998877674', 9, 1),('My-site URL', 9, 3), ('My GitHub URL',9, 7),

('+380998877675', 9, 1),('My-site URL', 9, 3), ('My GitHub URL',9, 7),
('+380998877676', 9, 1),('My-site URL', 9, 3), ('My GitHub URL',9, 7),
('+380998877677', 9, 1),('My-site URL', 9, 3), ('My GitHub URL',9, 7),
('+380998877678', 9, 1),('My-site URL', 9, 3), ('My GitHub URL',9, 7),
('+380998877679', 9, 1),('My-site URL', 9, 3), ('My GitHub URL',9, 7);
COMMIT;

INSERT INTO mentor4you_db.mentors_to_categories (currency, rate,categories_id ,mentors_id) VALUES
('UAH', 150, 1,5),('UAH', 150, 6,5),
('UAH', 175, 4,6),('UAH', 175, 5,6),
('UAH', 160, 2,7),
('UAH', 230, 3,8),
('UAH', 250, 1,9),('UAH', 250, 4,9),('UAH', 250, 6,9);
COMMIT;

INSERT INTO mentor4you_db.educations (id,description,name,education) VALUES
(1,'description','higher education',5),
(2,'description','higher education',6),
(3,'description','higher education',7),
(4,'description','higher education',8),
(5,'description','higher education',9);
COMMIT;


INSERT INTO mentor4you_db.certificats (id,description,link,name,certificats) VALUES
(1,'description','http://link','Very Cool Certificate',5),
(2,'description','http://link','Very Cool Certificate',6),
(3,'description','http://link','Very Cool Certificate',7),
(4,'description','http://link','Very Cool Certificate',8),
(5,'description','http://link','Very Cool Certificate',9),
(6,'description','http://link','Very Cool Certificate',5),
(7,'description','http://link','Very Cool Certificate',8),
(8,'description','http://link','Very Cool Certificate',9);
COMMIT;

INSERT INTO mentor4you_db.city (name) VALUES
('Poltava'),
('Ostroh'),
('Rivne'),
('Kyiv'),
('Lviv');
COMMIT;

INSERT INTO mentor4you_db.city_to_mentors (city_id, mentor_id) VALUES
('3', '5'),
('1', '6'),
('5', '7'),
('2', '8'),
('4', '9');
COMMIT;